id,text,search_text,conversation,in_response_to,search_in_response_to
1,oi,oi,training,NULL,
2,e ae,NN:ae,training,oi,oi
3,tudo bem?,NN:bem,training,e ae,NN:ae
4,como vai?,NN:vai,training,tudo bem?,NN:bem
5,Olá! Em que posso ajudá-lo?,NN:area_unit NNP:que NN:posso VBD:ajudá-lo,training,como vai?,NN:vai
6,qual o seu nome?,NN:seu VBD:nome,training,NULL,
7,Meu nome é A.R.T.U.R.Sou seu assistente :),NNP:nome NNP:a.r.t.u.r.sou NNP:seu VBD:assistente,training,qual o seu nome?,NN:seu VBD:nome
8,qual é o seu nome?,NN:seu VBD:nome,training,NULL,
9,Meu nome é A.R.T.U.R.Sou seu assistente :),NNP:nome NNP:a.r.t.u.r.sou NNP:seu VBD:assistente,training,qual é o seu nome?,NN:seu VBD:nome
10,como se chama?,NN:antioxidant NN:chama,training,NULL,
11,Meu nome é A.R.T.U.R.Sou seu assistente :),NNP:nome NNP:a.r.t.u.r.sou NNP:seu VBD:assistente,training,como se chama?,NN:antioxidant NN:chama
12,nome?,nome,training,NULL,
13,Meu nome é A.R.T.U.R.Sou seu assistente :),NNP:nome NNP:a.r.t.u.r.sou NNP:seu VBD:assistente,training,nome?,nome
14,como você se chama?,NN:você NN:antioxidant NN:chama,training,NULL,
15,Meu nome é A.R.T.U.R.Sou seu assistente :),NNP:nome NNP:a.r.t.u.r.sou NNP:seu VBD:assistente,training,como você se chama?,NN:você NN:antioxidant NN:chama
16,quanto eu to devendo?,RB:metallic_element TO:devendo,training,NULL,
17,"Entrar em contato com o setor financeiro através do e-mail ""secretariafac@pe.senac.br"" com as informações da situação.","NNP:area_unit CC:contato NN:com NN:setor NN:financeiro NN:através VBP:e-mail JJ:""secretariafac@pe.senac.br"" NNP:com IN:informações JJ:prosecutor NN:situação",training,quanto eu to devendo?,RB:metallic_element TO:devendo
18,dívida,dívida,training,NULL,
19,"Entrar em contato com o setor financeiro através do e-mail ""secretariafac@pe.senac.br"" com as informações da situação.","NNP:area_unit CC:contato NN:com NN:setor NN:financeiro NN:através VBP:e-mail JJ:""secretariafac@pe.senac.br"" NNP:com IN:informações JJ:prosecutor NN:situação",training,dívida,dívida
20,parcelamento,parcelamento,training,NULL,
21,"Entrar em contato com o setor financeiro através do e-mail ""secretariafac@pe.senac.br"" com as informações da situação.","NNP:area_unit CC:contato NN:com NN:setor NN:financeiro NN:através VBP:e-mail JJ:""secretariafac@pe.senac.br"" NNP:com IN:informações JJ:prosecutor NN:situação",training,parcelamento,parcelamento
22,boleto,boleto,training,NULL,
23,"Entrar em contato com o setor financeiro através do e-mail ""secretariafac@pe.senac.br"" com as informações da situação.","NNP:area_unit CC:contato NN:com NN:setor NN:financeiro NN:através VBP:e-mail JJ:""secretariafac@pe.senac.br"" NNP:com IN:informações JJ:prosecutor NN:situação",training,boleto,boleto
24,pagamento de boleto,NN:de FW:boleto,training,NULL,
25,De qual mês você deseja retirar o boleto?,NNP:qual JJ:mês NN:você NN:deseja NN:retirar NN:boleto,training,pagamento de boleto,NN:de FW:boleto
26,janeiro,janeiro,training,De qual mês você deseja retirar o boleto?,NNP:qual JJ:mês NN:você NN:deseja NN:retirar NN:boleto
27,"Aqui está! <a href=""https://cdn.discordapp.com/attachments/708436348683419742/788191650518007838/boletobancario.png"" target=""_blank"">boletobancario.pdf</a>","NNP:está NN:<a JJ:href=""https://cdn.discordapp.com/attachments/708436348683419742/788191650518007838/boletobancario.png"" NN:target=""_blank"">boletobancario.pdf</a",training,janeiro,janeiro
28,pagamento,pagamento,training,NULL,
29,De qual mês você deseja retirar o boleto?,NNP:qual JJ:mês NN:você NN:deseja NN:retirar NN:boleto,training,pagamento,pagamento
30,janeiro,janeiro,training,De qual mês você deseja retirar o boleto?,NNP:qual JJ:mês NN:você NN:deseja NN:retirar NN:boleto
31,"Aqui está! <a href=""https://cdn.discordapp.com/attachments/708436348683419742/788191650518007838/boletobancario.png"" target=""_blank"">boletobancario.pdf</a>","NNP:está NN:<a JJ:href=""https://cdn.discordapp.com/attachments/708436348683419742/788191650518007838/boletobancario.png"" NN:target=""_blank"">boletobancario.pdf</a",training,janeiro,janeiro
32,Parcelamento de dívidas,NNP:de FW:dívidas,training,NULL,
33,"Entrar em contato com o setor financeiro através do e-mail ""secretariafac@pe.senac.br"" com as informações da situação.","NNP:area_unit CC:contato NN:com NN:setor NN:financeiro NN:através VBP:e-mail JJ:""secretariafac@pe.senac.br"" NNP:com IN:informações JJ:prosecutor NN:situação",training,Parcelamento de dívidas,NNP:de FW:dívidas
34,contato,contato,training,NULL,
35,"Você pode entrar em contato com a faculdade através do email <a href=""malito secretariafac@pe.senac.br"">secretariafac@pe.senac.br</a> <br /> ou telefone (81) 3413-6655","NNP:pode NN:entrar NN:area_unit NN:contato NN:com DT:faculdade NN:através VBP:telecommunicate VB:<a NNP:href=""malito NN:secretariafac@pe.senac.br"">secretariafac@pe.senac.br</a> NN:<br NNP:/> NNP:ou IN:telefone NN:(81) CD:3413-6655",training,contato,contato
36,entrar em contato,NN:area_unit NN:contato,training,NULL,
37,"Você pode entrar em contato com a faculdade através do email <a href=""malito secretariafac@pe.senac.br"">secretariafac@pe.senac.br</a> <br /> ou telefone (81) 3413-6655","NNP:pode NN:entrar NN:area_unit NN:contato NN:com DT:faculdade NN:através VBP:telecommunicate VB:<a NNP:href=""malito NN:secretariafac@pe.senac.br"">secretariafac@pe.senac.br</a> NN:<br NNP:/> NNP:ou IN:telefone NN:(81) CD:3413-6655",training,entrar em contato,NN:area_unit NN:contato
38,número,número,training,NULL,
39,"Você pode entrar em contato com a faculdade através do email <a href=""malito secretariafac@pe.senac.br"">secretariafac@pe.senac.br</a> <br /> ou telefone (81) 3413-6655","NNP:pode NN:entrar NN:area_unit NN:contato NN:com DT:faculdade NN:através VBP:telecommunicate VB:<a NNP:href=""malito NN:secretariafac@pe.senac.br"">secretariafac@pe.senac.br</a> NN:<br NNP:/> NNP:ou IN:telefone NN:(81) CD:3413-6655",training,número,número
40,telefone,telefone,training,NULL,
41,"Você pode entrar em contato com a faculdade através do email <a href=""malito secretariafac@pe.senac.br"">secretariafac@pe.senac.br</a> <br /> ou telefone (81) 3413-6655","NNP:pode NN:entrar NN:area_unit NN:contato NN:com DT:faculdade NN:através VBP:telecommunicate VB:<a NNP:href=""malito NN:secretariafac@pe.senac.br"">secretariafac@pe.senac.br</a> NN:<br NNP:/> NNP:ou IN:telefone NN:(81) CD:3413-6655",training,telefone,telefone
42,número de telegone,NN:de IN:telegone,training,NULL,
43,"Você pode entrar em contato com a faculdade através do email <a href=""malito secretariafac@pe.senac.br"">secretariafac@pe.senac.br</a> <br /> ou telefone (81) 3413-6655","NNP:pode NN:entrar NN:area_unit NN:contato NN:com DT:faculdade NN:através VBP:telecommunicate VB:<a NNP:href=""malito NN:secretariafac@pe.senac.br"">secretariafac@pe.senac.br</a> NN:<br NNP:/> NNP:ou IN:telefone NN:(81) CD:3413-6655",training,número de telegone,NN:de IN:telegone
44,email,email,training,NULL,
45,"Você pode entrar em contato com a faculdade através do email <a href=""malito secretariafac@pe.senac.br"">secretariafac@pe.senac.br</a> <br /> ou telefone (81) 3413-6655","NNP:pode NN:entrar NN:area_unit NN:contato NN:com DT:faculdade NN:através VBP:telecommunicate VB:<a NNP:href=""malito NN:secretariafac@pe.senac.br"">secretariafac@pe.senac.br</a> NN:<br NNP:/> NNP:ou IN:telefone NN:(81) CD:3413-6655",training,email,email
46,requerimentos,requerimentos,training,NULL,
47,Acessar o portal para solicitar documentação 'Requerimentos' -> 'Solicitar' -> selecione a opção referente à requisição desejada 'Solicitar'.,MD:portal VB:pregnancy NN:solicitar NN:documentação NN:'requerimentos' POS:-> NNP:'solicitar' POS:-> NNP:selecione DT:opção JJ:referente NNP:requisição NN:desejada NN:'solicitar',training,requerimentos,requerimentos
48,requerimento,requerimento,training,NULL,
49,Acessar o portal para solicitar documentação 'Requerimentos' -> 'Solicitar' -> selecione a opção referente à requisição desejada 'Solicitar'.,MD:portal VB:pregnancy NN:solicitar NN:documentação NN:'requerimentos' POS:-> NNP:'solicitar' POS:-> NNP:selecione DT:opção JJ:referente NNP:requisição NN:desejada NN:'solicitar',training,requerimento,requerimento
50,documentos,documentos,training,NULL,
51,Acessar o portal para solicitar documentação 'Requerimentos' -> 'Solicitar' -> selecione a opção referente à requisição desejada 'Solicitar'.,MD:portal VB:pregnancy NN:solicitar NN:documentação NN:'requerimentos' POS:-> NNP:'solicitar' POS:-> NNP:selecione DT:opção JJ:referente NNP:requisição NN:desejada NN:'solicitar',training,documentos,documentos
52,documentação,documentação,training,NULL,
53,Acessar o portal para solicitar documentação 'Requerimentos' -> 'Solicitar' -> selecione a opção referente à requisição desejada 'Solicitar'.,MD:portal VB:pregnancy NN:solicitar NN:documentação NN:'requerimentos' POS:-> NNP:'solicitar' POS:-> NNP:selecione DT:opção JJ:referente NNP:requisição NN:desejada NN:'solicitar',training,documentação,documentação
54,documento,documento,training,NULL,
55,Acessar o portal para solicitar documentação 'Requerimentos' -> 'Solicitar' -> selecione a opção referente à requisição desejada 'Solicitar'.,MD:portal VB:pregnancy NN:solicitar NN:documentação NN:'requerimentos' POS:-> NNP:'solicitar' POS:-> NNP:selecione DT:opção JJ:referente NNP:requisição NN:desejada NN:'solicitar',training,documento,documento
56,segunda via,NN:via,training,NULL,
57,Acessar o portal para solicitar documentação 'Requerimentos' -> 'Solicitar' -> selecione a opção referente à requisição desejada 'Solicitar'.,MD:portal VB:pregnancy NN:solicitar NN:documentação NN:'requerimentos' POS:-> NNP:'solicitar' POS:-> NNP:selecione DT:opção JJ:referente NNP:requisição NN:desejada NN:'solicitar',training,segunda via,NN:via
58,histórico Escolar,NN:gempylid,training,NULL,
59,Acessar o portal para solicitar documentação 'Requerimentos' -> 'Solicitar' -> selecione a opção referente à requisição desejada 'Solicitar'.,MD:portal VB:pregnancy NN:solicitar NN:documentação NN:'requerimentos' POS:-> NNP:'solicitar' POS:-> NNP:selecione DT:opção JJ:referente NNP:requisição NN:desejada NN:'solicitar',training,histórico Escolar,NN:gempylid
60,histórico,histórico,training,NULL,
61,Acessar o portal para solicitar documentação 'Requerimentos' -> 'Solicitar' -> selecione a opção referente à requisição desejada 'Solicitar'.,MD:portal VB:pregnancy NN:solicitar NN:documentação NN:'requerimentos' POS:-> NNP:'solicitar' POS:-> NNP:selecione DT:opção JJ:referente NNP:requisição NN:desejada NN:'solicitar',training,histórico,histórico
62,mudança de Turno,NN:de IN:turno,training,NULL,
63,Acessar o portal para solicitar documentação 'Requerimentos' -> 'Solicitar' -> selecione a opção referente à requisição desejada 'Solicitar'.,MD:portal VB:pregnancy NN:solicitar NN:documentação NN:'requerimentos' POS:-> NNP:'solicitar' POS:-> NNP:selecione DT:opção JJ:referente NNP:requisição NN:desejada NN:'solicitar',training,mudança de Turno,NN:de IN:turno
64,2 Via de Contrato,CD:via NNP:de FW:contrato,training,NULL,
65,Acessar o portal para solicitar documentação 'Requerimentos' -> 'Solicitar' -> selecione a opção referente à requisição desejada 'Solicitar'.,MD:portal VB:pregnancy NN:solicitar NN:documentação NN:'requerimentos' POS:-> NNP:'solicitar' POS:-> NNP:selecione DT:opção JJ:referente NNP:requisição NN:desejada NN:'solicitar',training,2 Via de Contrato,CD:via NNP:de FW:contrato
66,2ª Via de Certificação Intermediária,CD:via NNP:de FW:certificação NNP:intermediária,training,NULL,
67,Acessar o portal para solicitar documentação 'Requerimentos' -> 'Solicitar' -> selecione a opção referente à requisição desejada 'Solicitar'.,MD:portal VB:pregnancy NN:solicitar NN:documentação NN:'requerimentos' POS:-> NNP:'solicitar' POS:-> NNP:selecione DT:opção JJ:referente NNP:requisição NN:desejada NN:'solicitar',training,2ª Via de Certificação Intermediária,CD:via NNP:de FW:certificação NNP:intermediária
68,2ª Via de Certificado de matrícula,CD:via NNP:de FW:certificado NNP:de FW:matrícula,training,NULL,
69,Acessar o portal para solicitar documentação 'Requerimentos' -> 'Solicitar' -> selecione a opção referente à requisição desejada 'Solicitar'.,MD:portal VB:pregnancy NN:solicitar NN:documentação NN:'requerimentos' POS:-> NNP:'solicitar' POS:-> NNP:selecione DT:opção JJ:referente NNP:requisição NN:desejada NN:'solicitar',training,2ª Via de Certificado de matrícula,CD:via NNP:de FW:certificado NNP:de FW:matrícula
70,2ª Via de Declaração,CD:via NNP:de FW:declaração,training,NULL,
71,Acessar o portal para solicitar documentação 'Requerimentos' -> 'Solicitar' -> selecione a opção referente à requisição desejada 'Solicitar'.,MD:portal VB:pregnancy NN:solicitar NN:documentação NN:'requerimentos' POS:-> NNP:'solicitar' POS:-> NNP:selecione DT:opção JJ:referente NNP:requisição NN:desejada NN:'solicitar',training,2ª Via de Declaração,CD:via NNP:de FW:declaração
72,2ª Via do Certificado de Pós-Graduação,CD:via VBP:certificado NNP:de VB:pós-graduação,training,NULL,
73,Acessar o portal para solicitar documentação 'Requerimentos' -> 'Solicitar' -> selecione a opção referente à requisição desejada 'Solicitar'.,MD:portal VB:pregnancy NN:solicitar NN:documentação NN:'requerimentos' POS:-> NNP:'solicitar' POS:-> NNP:selecione DT:opção JJ:referente NNP:requisição NN:desejada NN:'solicitar',training,2ª Via do Certificado de Pós-Graduação,CD:via VBP:certificado NNP:de VB:pós-graduação
74,Assinatura nos termos de estágio,NNP:nos JJ:termos NN:de IN:estágio,training,NULL,
75,Acessar o portal para solicitar documentação 'Requerimentos' -> 'Solicitar' -> selecione a opção referente à requisição desejada 'Solicitar'.,MD:portal VB:pregnancy NN:solicitar NN:documentação NN:'requerimentos' POS:-> NNP:'solicitar' POS:-> NNP:selecione DT:opção JJ:referente NNP:requisição NN:desejada NN:'solicitar',training,Assinatura nos termos de estágio,NNP:nos JJ:termos NN:de IN:estágio
76,contrato estágio,NN:estágio,training,NULL,
77,Acessar o portal para solicitar documentação 'Requerimentos' -> 'Solicitar' -> selecione a opção referente à requisição desejada 'Solicitar'.,MD:portal VB:pregnancy NN:solicitar NN:documentação NN:'requerimentos' POS:-> NNP:'solicitar' POS:-> NNP:selecione DT:opção JJ:referente NNP:requisição NN:desejada NN:'solicitar',training,contrato estágio,NN:estágio
78,Programa de Disciplina (Ementário),NNP:de FW:disciplina NNP:(ementário,training,NULL,
79,Acessar o portal para solicitar documentação 'Requerimentos' -> 'Solicitar' -> selecione a opção referente à requisição desejada 'Solicitar'.,MD:portal VB:pregnancy NN:solicitar NN:documentação NN:'requerimentos' POS:-> NNP:'solicitar' POS:-> NNP:selecione DT:opção JJ:referente NNP:requisição NN:desejada NN:'solicitar',training,Programa de Disciplina (Ementário),NNP:de FW:disciplina NNP:(ementário
80,Regime de Aprovação,NNP:de FW:aprovação,training,NULL,
81,Acessar o portal para solicitar documentação 'Requerimentos' -> 'Solicitar' -> selecione a opção referente à requisição desejada 'Solicitar'.,MD:portal VB:pregnancy NN:solicitar NN:documentação NN:'requerimentos' POS:-> NNP:'solicitar' POS:-> NNP:selecione DT:opção JJ:referente NNP:requisição NN:desejada NN:'solicitar',training,Regime de Aprovação,NNP:de FW:aprovação
82,Reabertura de Matrícula (Após Trancamento),NNP:de FW:matrícula NNP:(após NNP:trancamento,training,NULL,
83,Acessar o portal para solicitar documentação 'Requerimentos' -> 'Solicitar' -> selecione a opção referente à requisição desejada 'Solicitar'.,MD:portal VB:pregnancy NN:solicitar NN:documentação NN:'requerimentos' POS:-> NNP:'solicitar' POS:-> NNP:selecione DT:opção JJ:referente NNP:requisição NN:desejada NN:'solicitar',training,Reabertura de Matrícula (Após Trancamento),NNP:de FW:matrícula NNP:(após NNP:trancamento
84,Reintegração após abandono,NNP:após VBZ:abandono,training,NULL,
85,Acessar o portal para solicitar documentação 'Requerimentos' -> 'Solicitar' -> selecione a opção referente à requisição desejada 'Solicitar'.,MD:portal VB:pregnancy NN:solicitar NN:documentação NN:'requerimentos' POS:-> NNP:'solicitar' POS:-> NNP:selecione DT:opção JJ:referente NNP:requisição NN:desejada NN:'solicitar',training,Reintegração após abandono,NNP:após VBZ:abandono
86,Transferência interna de turma,NNP:interna NN:de FW:turma,training,NULL,
87,Acessar o portal para solicitar documentação 'Requerimentos' -> 'Solicitar' -> selecione a opção referente à requisição desejada 'Solicitar'.,MD:portal VB:pregnancy NN:solicitar NN:documentação NN:'requerimentos' POS:-> NNP:'solicitar' POS:-> NNP:selecione DT:opção JJ:referente NNP:requisição NN:desejada NN:'solicitar',training,Transferência interna de turma,NNP:interna NN:de FW:turma
88,Transferência,transferência,training,NULL,
89,Acessar o portal para solicitar documentação 'Requerimentos' -> 'Solicitar' -> selecione a opção referente à requisição desejada 'Solicitar'.,MD:portal VB:pregnancy NN:solicitar NN:documentação NN:'requerimentos' POS:-> NNP:'solicitar' POS:-> NNP:selecione DT:opção JJ:referente NNP:requisição NN:desejada NN:'solicitar',training,Transferência,transferência
90,calendário acadêmico,NN:acadêmico,training,NULL,
91,"Confira o calêndario acadêmico aqui <a href=""http://faculdadesenacpe.edu.br/calendario/"" target=""_blank"">calendário</a>","MD:calêndario VB:acadêmico JJ:aqui NN:<a NNP:href=""http://faculdadesenacpe.edu.br/calendario/"" NN:target=""_blank"">calendário</a",training,calendário acadêmico,NN:acadêmico
92,calendário,calendário,training,NULL,
93,"Confira o calêndario acadêmico aqui <a href=""http://faculdadesenacpe.edu.br/calendario/"" target=""_blank"">calendário</a>","MD:calêndario VB:acadêmico JJ:aqui NN:<a NNP:href=""http://faculdadesenacpe.edu.br/calendario/"" NN:target=""_blank"">calendário</a",training,calendário,calendário
94,quais cursos disponíveis?,NN:cursos NN:disponíveis,training,NULL,
95,"A faculdade Senac possui os seguintes cursos de graduação <br /> Bacharelado em administração, Design de moda, Gastronomia, Gestão de RH, Estética e cosmética, Análise e desenvolv. de sistemas, Gestão comercial e Design de interiores.Saiba mais <a href=""https://faculdadesenacpe.edu.br/curso/"" target=""_blank"">aqui</a>","DT:faculdade JJ:senac NNP:possui NN:orifice NN:seguintes VBZ:cursos VBP:de IN:graduação FW:<br NNP:/> NNP:bacharelado NNP:em VBZ:administração, JJ:creating_by_mental_acts NNP:de FW:moda, FW:gastronomia, NNP:gestão NNP:de IN:rh, NNP:estética VBZ:cosmética, JJ:análise NN:desenvolv NN:de IN:sistemas, FW:gestão NNP:comercial NN:creating_by_mental_acts NNP:de FW:interiores.saiba FW:mais FW:<a FW:href=""https://faculdadesenacpe.edu.br/curso/"" NN:target=""_blank"">aqui</a",training,quais cursos disponíveis?,NN:cursos NN:disponíveis
96,cursos,cursos,training,NULL,
97,"A faculdade Senac possui os seguintes cursos de graduação <br /> Bacharelado em administração, Design de moda, Gastronomia, Gestão de RH, Estética e cosmética, Análise e desenvolv. de sistemas, Gestão comercial e Design de interiores.Saiba mais <a href=""https://faculdadesenacpe.edu.br/curso/"" target=""_blank"">aqui</a>","DT:faculdade JJ:senac NNP:possui NN:orifice NN:seguintes VBZ:cursos VBP:de IN:graduação FW:<br NNP:/> NNP:bacharelado NNP:em VBZ:administração, JJ:creating_by_mental_acts NNP:de FW:moda, FW:gastronomia, NNP:gestão NNP:de IN:rh, NNP:estética VBZ:cosmética, JJ:análise NN:desenvolv NN:de IN:sistemas, FW:gestão NNP:comercial NN:creating_by_mental_acts NNP:de FW:interiores.saiba FW:mais FW:<a FW:href=""https://faculdadesenacpe.edu.br/curso/"" NN:target=""_blank"">aqui</a",training,cursos,cursos
98,quais cursos ofertados?,NN:cursos NN:ofertados,training,NULL,
99,"A faculdade Senac possui os seguintes cursos de graduação <br /> Bacharelado em administração, Design de moda, Gastronomia, Gestão de RH, Estética e cosmética, Análise e desenvolv. de sistemas, Gestão comercial e Design de interiores.Saiba mais <a href=""https://faculdadesenacpe.edu.br/curso/"" target=""_blank"">aqui</a>","DT:faculdade JJ:senac NNP:possui NN:orifice NN:seguintes VBZ:cursos VBP:de IN:graduação FW:<br NNP:/> NNP:bacharelado NNP:em VBZ:administração, JJ:creating_by_mental_acts NNP:de FW:moda, FW:gastronomia, NNP:gestão NNP:de IN:rh, NNP:estética VBZ:cosmética, JJ:análise NN:desenvolv NN:de IN:sistemas, FW:gestão NNP:comercial NN:creating_by_mental_acts NNP:de FW:interiores.saiba FW:mais FW:<a FW:href=""https://faculdadesenacpe.edu.br/curso/"" NN:target=""_blank"">aqui</a",training,quais cursos ofertados?,NN:cursos NN:ofertados
100,trancamento de curso,NN:de FW:curso,training,NULL,
101,Comparecer à secretaria com a documentação.,NNP:secretaria NN:com DT:documentação,training,trancamento de curso,NN:de FW:curso
102,trancamento,trancamento,training,NULL,
103,Comparecer à secretaria com a documentação.,NNP:secretaria NN:com DT:documentação,training,trancamento,trancamento
104,trancar matrícula,NN:matrícula,training,NULL,
105,Comparecer à secretaria com a documentação.,NNP:secretaria NN:com DT:documentação,training,trancar matrícula,NN:matrícula
106,cancelar matrícula,JJ:matrícula,training,NULL,
107,Comparecer à secretaria com a documentação.,NNP:secretaria NN:com DT:documentação,training,cancelar matrícula,JJ:matrícula
108,dispensar cadeira,NN:cadeira,training,NULL,
109,Comparecer à secretaria com a documentação.,NNP:secretaria NN:com DT:documentação,training,dispensar cadeira,NN:cadeira
110,dispensar materia,NN:materia,training,NULL,
111,Comparecer à secretaria com a documentação.,NNP:secretaria NN:com DT:documentação,training,dispensar materia,NN:materia
112,Dispensa de Disciplinas Cursada,NNP:de FW:disciplinas NNP:cursada,training,NULL,
113,Comparecer à secretaria com a documentação.,NNP:secretaria NN:com DT:documentação,training,Dispensa de Disciplinas Cursada,NNP:de FW:disciplinas NNP:cursada
114,Desistência de curso,NNP:de FW:curso,training,NULL,
115,Comparecer à secretaria com a documentação.,NNP:secretaria NN:com DT:documentação,training,Desistência de curso,NNP:de FW:curso
116,processo seletivo,NN:seletivo,training,NULL,
117,"As inscrições são gratuitas e podem ser feitas através de prova online, ENEM e portadores de diploma.Para mais informações acessar <a href=""https://faculdadesenacpe.edu.br/processo-seletivo/vestibular/ target=""_blank"">aqui<a>","IN:inscrições JJ:são NN:gratuitas VBP:podem IN:ser NN:feitas NNS:através VBP:de IN:prova FW:online, FW:enem NN:portadores NNS:de IN:diploma.para FW:mais FW:informações FW:acessar JJ:<a FW:href=""https://faculdadesenacpe.edu.br/processo-seletivo/vestibular/ JJ:target=""_blank"">aqui<a",training,processo seletivo,NN:seletivo
118,ingressar na faculdade,NN:metallic_element TO:faculdade,training,NULL,
119,"As inscrições são gratuitas e podem ser feitas através de prova online, ENEM e portadores de diploma.Para mais informações acessar <a href=""https://faculdadesenacpe.edu.br/processo-seletivo/vestibular/ target=""_blank"">aqui<a>","IN:inscrições JJ:são NN:gratuitas VBP:podem IN:ser NN:feitas NNS:através VBP:de IN:prova FW:online, FW:enem NN:portadores NNS:de IN:diploma.para FW:mais FW:informações FW:acessar JJ:<a FW:href=""https://faculdadesenacpe.edu.br/processo-seletivo/vestibular/ JJ:target=""_blank"">aqui<a",training,ingressar na faculdade,NN:metallic_element TO:faculdade
120,ingressar,ingressar,training,NULL,
121,"As inscrições são gratuitas e podem ser feitas através de prova online, ENEM e portadores de diploma.Para mais informações acessar <a href=""https://faculdadesenacpe.edu.br/processo-seletivo/vestibular/ target=""_blank"">aqui<a>","IN:inscrições JJ:são NN:gratuitas VBP:podem IN:ser NN:feitas NNS:através VBP:de IN:prova FW:online, FW:enem NN:portadores NNS:de IN:diploma.para FW:mais FW:informações FW:acessar JJ:<a FW:href=""https://faculdadesenacpe.edu.br/processo-seletivo/vestibular/ JJ:target=""_blank"">aqui<a",training,ingressar,ingressar
122,matrícula,matrícula,training,NULL,
123,"Entrar em contato com a secretaria através do email <a href=""malito secretariafac@pe.senac.br"">secretariafac@pe.senac.br</a> <br /> ou telefone (81) 3413-6655.","NNP:area_unit CC:contato NN:com DT:secretaria NN:através VBP:telecommunicate VB:<a NNP:href=""malito NN:secretariafac@pe.senac.br"">secretariafac@pe.senac.br</a> NN:<br NNP:/> NNP:ou IN:telefone NN:(81) CD:3413-6655",training,matrícula,matrícula
124,oi,oi,,NULL,
125,e ae,,,oi,
126,e ae,,,oi,
127,tudo bem?,NN:bem,,e ae,NN:ae
128,tudo bem?,NN:bem,,e ae,
129,como vai?,,,tudo bem?,
130,como vai?,,,tudo bem?,
131,Olá! Em que posso ajudá-lo?,NN:area_unit NNP:que NN:posso VBD:ajudá-lo,,como vai?,NN:vai
132,quais cursos disponíveis?,NN:cursos NN:disponíveis,,como vai?,
133,"A faculdade Senac possui os seguintes cursos de graduação <br /> Bacharelado em administração, Design de moda, Gastronomia, Gestão de RH, Estética e cosmética, Análise e desenvolv. de sistemas, Gestão comercial e Design de interiores.Saiba mais <a href=""https://faculdadesenacpe.edu.br/curso/"" target=""_blank"">aqui</a>",,,quais cursos disponíveis?,
134,"A faculdade Senac possui os seguintes cursos de graduação <br /> Bacharelado em administração, Design de moda, Gastronomia, Gestão de RH, Estética e cosmética, Análise e desenvolv. de sistemas, Gestão comercial e Design de interiores.Saiba mais <a href=""https://faculdadesenacpe.edu.br/curso/"" target=""_blank"">aqui</a>",,,quais cursos disponíveis?,
135,"Me desculpe, mas eu não entendi. Ainda estou aprendendo :(","NNP:desculpe, VBZ:mother FW:metallic_element FW:não FW:entendi NN:ainda NNP:estou VBZ:aprendendo",,"A faculdade Senac possui os seguintes cursos de graduação <br /> Bacharelado em administração, Design de moda, Gastronomia, Gestão de RH, Estética e cosmética, Análise e desenvolv. de sistemas, Gestão comercial e Design de interiores.Saiba mais <a href=""https://faculdadesenacpe.edu.br/curso/"" target=""_blank"">aqui</a>","DT:faculdade JJ:senac NNP:possui NN:orifice NN:seguintes VBZ:cursos VBP:de IN:graduação FW:<br NNP:/> NNP:bacharelado NNP:em VBZ:administração, JJ:creating_by_mental_acts NNP:de FW:moda, FW:gastronomia, NNP:gestão NNP:de IN:rh, NNP:estética VBZ:cosmética, JJ:análise NN:desenvolv NN:de IN:sistemas, FW:gestão NNP:comercial NN:creating_by_mental_acts NNP:de FW:interiores.saiba FW:mais FW:<a FW:href=""https://faculdadesenacpe.edu.br/curso/"" NN:target=""_blank"">aqui</a"
136,boleto,boleto,,"A faculdade Senac possui os seguintes cursos de graduação <br /> Bacharelado em administração, Design de moda, Gastronomia, Gestão de RH, Estética e cosmética, Análise e desenvolv. de sistemas, Gestão comercial e Design de interiores.Saiba mais <a href=""https://faculdadesenacpe.edu.br/curso/"" target=""_blank"">aqui</a>",
137,"Entrar em contato com o setor financeiro através do e-mail ""secretariafac@pe.senac.br"" com as informações da situação.",,,boleto,
138,"Entrar em contato com o setor financeiro através do e-mail ""secretariafac@pe.senac.br"" com as informações da situação.",,,boleto,
139,"Me desculpe, mas eu não entendi. Ainda estou aprendendo :(","NNP:desculpe, VBZ:mother FW:metallic_element FW:não FW:entendi NN:ainda NNP:estou VBZ:aprendendo",,"Entrar em contato com o setor financeiro através do e-mail ""secretariafac@pe.senac.br"" com as informações da situação.","NNP:area_unit CC:contato NN:com NN:setor NN:financeiro NN:através VBP:e-mail JJ:""secretariafac@pe.senac.br"" NNP:com IN:informações JJ:prosecutor NN:situação"
140,quando vence meu boleto,JJ:vence NN:meu NN:boleto,,"Entrar em contato com o setor financeiro através do e-mail ""secretariafac@pe.senac.br"" com as informações da situação.",
141,janeiro,,,quando vence meu boleto,
142,janeiro,,,quando vence meu boleto,
143,"Aqui está! <a href=""https://cdn.discordapp.com/attachments/708436348683419742/788191650518007838/boletobancario.png"" target=""_blank"">boletobancario.pdf</a>","NNP:está NN:<a JJ:href=""https://cdn.discordapp.com/attachments/708436348683419742/788191650518007838/boletobancario.png"" NN:target=""_blank"">boletobancario.pdf</a",,janeiro,janeiro
144,quais cursos disponíveis?,NN:cursos NN:disponíveis,,janeiro,
145,"A faculdade Senac possui os seguintes cursos de graduação <br /> Bacharelado em administração, Design de moda, Gastronomia, Gestão de RH, Estética e cosmética, Análise e desenvolv. de sistemas, Gestão comercial e Design de interiores.Saiba mais <a href=""https://faculdadesenacpe.edu.br/curso/"" target=""_blank"">aqui</a>",,,quais cursos disponíveis?,
146,"A faculdade Senac possui os seguintes cursos de graduação <br /> Bacharelado em administração, Design de moda, Gastronomia, Gestão de RH, Estética e cosmética, Análise e desenvolv. de sistemas, Gestão comercial e Design de interiores.Saiba mais <a href=""https://faculdadesenacpe.edu.br/curso/"" target=""_blank"">aqui</a>",,,quais cursos disponíveis?,
147,"Me desculpe, mas eu não entendi. Ainda estou aprendendo :(","NNP:desculpe, VBZ:mother FW:metallic_element FW:não FW:entendi NN:ainda NNP:estou VBZ:aprendendo",,"A faculdade Senac possui os seguintes cursos de graduação <br /> Bacharelado em administração, Design de moda, Gastronomia, Gestão de RH, Estética e cosmética, Análise e desenvolv. de sistemas, Gestão comercial e Design de interiores.Saiba mais <a href=""https://faculdadesenacpe.edu.br/curso/"" target=""_blank"">aqui</a>","DT:faculdade JJ:senac NNP:possui NN:orifice NN:seguintes VBZ:cursos VBP:de IN:graduação FW:<br NNP:/> NNP:bacharelado NNP:em VBZ:administração, JJ:creating_by_mental_acts NNP:de FW:moda, FW:gastronomia, NNP:gestão NNP:de IN:rh, NNP:estética VBZ:cosmética, JJ:análise NN:desenvolv NN:de IN:sistemas, FW:gestão NNP:comercial NN:creating_by_mental_acts NNP:de FW:interiores.saiba FW:mais FW:<a FW:href=""https://faculdadesenacpe.edu.br/curso/"" NN:target=""_blank"">aqui</a"
148,qual é o seu nome?,NN:seu VBD:nome,,"A faculdade Senac possui os seguintes cursos de graduação <br /> Bacharelado em administração, Design de moda, Gastronomia, Gestão de RH, Estética e cosmética, Análise e desenvolv. de sistemas, Gestão comercial e Design de interiores.Saiba mais <a href=""https://faculdadesenacpe.edu.br/curso/"" target=""_blank"">aqui</a>",
149,Meu nome é A.R.T.U.R.Sou seu assistente :),,,qual é o seu nome?,
150,Meu nome é A.R.T.U.R.Sou seu assistente :),,,qual é o seu nome?,
151,"Me desculpe, mas eu não entendi. Ainda estou aprendendo :(","NNP:desculpe, VBZ:mother FW:metallic_element FW:não FW:entendi NN:ainda NNP:estou VBZ:aprendendo",,Meu nome é A.R.T.U.R.Sou seu assistente :),NNP:nome NNP:a.r.t.u.r.sou NNP:seu VBD:assistente
